<?xml version="1.0" encoding="iso-8859-1"?>
<rss version="2.0"><channel><title>Andrew's PyRSS2Gen feed</title><link>http://www.dalkescientific.com/Python/PyRSS2Gen.html</link><description>The latest news about PyRSS2Gen, a Python library for generating RSS2 feeds</description><lastBuildDate>Fri, 05 Jul 2019 13:00:52 GMT</lastBuildDate><generator>PyRSS2Gen-1.1.0</generator><docs>http://blogs.law.harvard.edu/tech/rss</docs><item><title>PyRSS2Gen-0.0 released</title><link>http://www.dalkescientific.com/news/030906-PyRSS2Gen.html</link><description>Dalke Scientific today announced PyRSS2Gen-0.0, a library for generating RSS feeds for Python. </description><guid isPermaLink="true">http://www.dalkescientific.com/news/030906-PyRSS2Gen.html</guid><pubDate>Sat, 06 Sep 2003 21:31:00 GMT</pubDate></item><item><title>Thoughts on RSS feeds for bioinformatics</title><link>http://www.dalkescientific.com/writings/diary/archive/2003/09/06/RSS.html</link><description>One of the reasons I wrote PyRSS2Gen was to experiment with RSS for data collection in bioinformatics. Last year I came across...</description><guid isPermaLink="true">http://www.dalkescientific.com/writings/diary/archive/2003/09/06/RSS.html</guid><pubDate>Sat, 06 Sep 2003 21:49:00 GMT</pubDate></item></channel></rss>